{
    "providers": [
        {
            "type": "bitmap",
            "file": "minecraft:custom/pride.png",
            "ascent": 8,
            "chars": ["\uE000\uE001\uE002\uE003\uE004\uE005\uE006\uE007\uE008\uE009"]
        },
        {
            "type": "bitmap",
            "file": "minecraft:custom/pronoun_short.png",
            "ascent": 8,
            "chars": ["\uE100\uE101\uE102\uE103\uE104"]
        },
        {
            "type": "bitmap",
            "file": "minecraft:custom/pronoun_long.png",
            "ascent": 8,
            "chars": ["\uE105\uE106\uE107\uE108"]
        }
    ]
}